Time,Temperature,Humidity,Soil,Light,Water,Pump,Mode
00:08:35,34.0,55.6,0.0,6.67,0.0,1,MANUAL
00:08:59,34.0,55.6,0.0,6.67,0.0,1,MANUAL
00:09:26,34.0,55.6,0.0,6.67,0.0,1,MANUAL
00:09:49,34.0,55.6,0.0,6.67,0.0,1,MANUAL
00:10:13,34.0,55.6,0.0,6.67,0.0,1,MANUAL
00:10:40,34.0,55.6,0.0,6.67,0.0,1,MANUAL
00:11:06,34.0,55.6,0.0,6.67,0.0,1,MANUAL
00:11:29,34.0,55.6,0.0,6.67,0.0,1,MANUAL
00:11:52,34.0,55.6,0.0,6.67,0.0,1,MANUAL
00:12:12,34.0,55.6,0.0,6.67,0.0,1,MANUAL
00:12:31,34.0,55.6,0.0,6.67,0.0,1,MANUAL
00:12:55,34.0,55.6,0.0,6.67,0.0,1,MANUAL
00:13:14,34.0,55.6,0.0,6.67,0.0,1,MANUAL
2026-09-11 00:13:30,34.0,55.6,0.0,6.67,0.0,1.0,1.0
00:13:39,34.0,55.6,0.0,6.67,0.0,1,MANUAL
2026-09-11 00:13:55,34.0,55.6,0.0,6.67,0.0,1.0,1.0
00:14:03,34.0,55.6,0.0,6.67,0.0,1,MANUAL
2026-09-11 00:14:20,34.0,55.6,0.0,6.67,0.0,1.0,1.0
00:14:22,34.0,55.6,0.0,6.67,0.0,1,MANUAL
2026-09-11 00:14:45,34.0,55.6,0.0,6.67,0.0,1.0,1.0
00:14:46,34.0,55.6,0.0,6.67,0.0,1,MANUAL
2026-09-11 00:15:13,34.0,55.6,0.0,6.67,0.0,1.0,1.0
00:15:14,34.0,55.6,0.0,6.67,0.0,1,MANUAL
2026-09-11 00:15:40,34.0,55.6,0.0,6.67,0.0,1.0,1.0
00:15:41,34.0,55.6,0.0,6.67,0.0,1,MANUAL
2026-09-11 00:16:06,34.0,55.6,0.0,6.67,0.0,1.0,1.0
00:16:07,34.0,55.6,0.0,6.67,0.0,1,MANUAL
2026-09-11 00:16:34,34.0,55.6,0.0,6.67,0.0,1.0,1.0
00:16:35,34.0,55.6,0.0,6.67,0.0,1,MANUAL
2026-09-11 00:16:59,34.0,55.6,0.0,6.67,0.0,1.0,1.0
00:17:01,34.0,55.6,0.0,6.67,0.0,1,MANUAL
2026-09-11 00:17:24,34.0,55.6,0.0,6.67,0.0,1.0,1.0
00:17:26,34.0,55.6,0.0,6.67,0.0,1,MANUAL
2026-09-11 00:17:44,34.0,55.6,0.0,6.67,0.0,1.0,1.0
00:17:45,34.0,55.6,0.0,6.67,0.0,1,MANUAL
2026-09-11 00:18:02,34.0,55.6,0.0,6.67,0.0,1.0,1.0
00:18:02,34.0,55.6,0.0,6.67,0.0,1,MANUAL
2026-09-11 00:18:19,34.0,55.6,0.0,6.67,0.0,1.0,1.0
2026-09-11 00:18:20,34.0,55.6,0.0,6.67,0.0,1.0,1.0
00:18:20,34.0,55.6,0.0,6.67,0.0,1,MANUAL
2026-09-11 00:18:45,34.0,55.6,0.0,6.67,0.0,1.0,1.0
00:18:47,34.0,55.6,0.0,6.67,0.0,1,MANUAL
2026-09-11 00:18:47,34.0,55.6,0.0,6.67,0.0,1.0,1.0
2026-09-11 00:19:14,34.0,55.6,0.0,6.67,0.0,1.0,1.0
00:19:14,34.0,55.6,0.0,6.67,0.0,1,MANUAL
2026-09-11 00:19:18,34.0,55.6,0.0,6.67,0.0,1.0,1.0
2026-09-11 00:19:42,34.0,55.6,0.0,6.67,0.0,1.0,1.0
00:19:44,34.0,55.6,0.0,6.67,0.0,1,MANUAL
2026-09-11 00:19:46,34.0,55.6,0.0,6.67,0.0,1.0,1.0
2026-09-11 00:20:09,34.0,55.6,0.0,6.67,0.0,1.0,1.0
00:20:12,34.0,55.6,0.0,6.67,0.0,1,MANUAL
2026-09-11 00:20:14,34.0,55.6,0.0,6.67,0.0,1.0,1.0
2026-09-11 00:20:37,34.0,55.6,0.0,6.67,0.0,1.0,1.0
00:20:40,34.0,55.6,0.0,6.67,0.0,1,MANUAL
2026-09-11 00:20:43,34.0,55.6,0.0,6.67,0.0,1.0,1.0
2026-09-11 00:21:08,34.0,55.6,0.0,6.67,0.0,1.0,1.0
00:21:10,34.0,55.6,0.0,6.67,0.0,1,MANUAL
2026-09-11 00:21:12,34.0,55.6,0.0,6.67,0.0,1.0,1.0
2026-09-11 00:21:27,34.0,55.6,0.0,6.67,0.0,1.0,1.0
00:21:28,34.0,55.6,0.0,6.67,0.0,1,MANUAL
2026-09-11 00:21:31,34.0,55.6,0.0,6.67,0.0,1.0,1.0
2026-09-11 00:21:46,34.0,55.6,0.0,6.67,0.0,1.0,1.0
00:21:47,34.0,55.6,0.0,6.67,0.0,1,MANUAL
2026-09-11 00:22:07,34.0,55.6,0.0,6.67,0.0,1.0,1.0
2026-09-11 00:22:08,34.0,55.6,0.0,6.67,0.0,1.0,1.0
00:22:08,34.0,55.6,0.0,6.67,0.0,1,MANUAL
2026-09-11 00:22:28,34.0,55.6,0.0,6.67,0.0,1.0,1.0
2026-09-11 00:22:29,34.0,55.6,0.0,6.67,0.0,1.0,1.0
00:22:30,34.0,55.6,0.0,6.67,0.0,1,MANUAL
00:22:56,34.0,55.6,0.0,6.67,0.0,1,MANUAL
2026-09-11 00:22:56,34.0,55.6,0.0,6.67,0.0,1.0,1.0
2026-09-11 00:22:57,34.0,55.6,0.0,6.67,0.0,1.0,1.0
2026-09-11 00:23:24,34.0,55.6,0.0,6.67,0.0,1.0,1.0
2026-09-11 00:23:25,34.0,55.6,0.0,6.67,0.0,1.0,1.0
00:23:25,34.0,55.6,0.0,6.67,0.0,1,MANUAL
2026-09-11 00:23:52,34.0,55.6,0.0,6.67,0.0,1.0,1.0
2026-09-11 00:23:53,34.0,55.6,0.0,6.67,0.0,1.0,1.0
00:23:53,34.0,55.6,0.0,6.67,0.0,1,MANUAL
2026-09-11 00:24:21,34.0,55.6,0.0,6.67,0.0,1.0,1.0
00:24:22,34.0,55.6,0.0,6.67,0.0,1,MANUAL
2026-09-11 00:24:23,34.0,55.6,0.0,6.67,0.0,1.0,1.0
2026-09-11 00:24:50,34.0,55.6,0.0,6.67,0.0,1.0,1.0
00:24:51,34.0,55.6,0.0,6.67,0.0,1,MANUAL
2026-09-11 00:24:52,34.0,55.6,0.0,6.67,0.0,1.0,1.0
2026-09-11 00:25:14,34.0,55.6,0.0,6.67,0.0,1.0,1.0
00:25:15,34.0,55.6,0.0,6.67,0.0,1,MANUAL
2026-09-11 00:25:15,34.0,55.6,0.0,6.67,0.0,1.0,1.0
2026-09-11 00:25:33,34.0,55.6,0.0,6.67,0.0,1.0,1.0
00:25:33,34.0,55.6,0.0,6.67,0.0,1,MANUAL
2026-09-11 00:25:33,34.0,55.6,0.0,6.67,0.0,1.0,1.0
2026-09-11 00:25:56,34.0,55.6,0.0,6.67,0.0,1.0,1.0
00:25:57,34.0,55.6,0.0,6.67,0.0,1,MANUAL
2026-09-11 00:25:57,34.0,55.6,0.0,6.67,0.0,1.0,1.0
2026-09-11 00:26:16,34.0,55.6,0.0,6.67,0.0,1.0,1.0
00:26:16,34.0,55.6,0.0,6.67,0.0,1,MANUAL
2026-09-11 00:26:19,34.0,55.6,0.0,6.67,0.0,1.0,1.0
2026-09-11 00:26:35,34.0,55.6,0.0,6.67,0.0,1.0,1.0
00:26:35,34.0,55.6,0.0,6.67,0.0,1,MANUAL
2026-09-11 00:26:37,34.0,55.6,0.0,6.67,0.0,1.0,1.0
00:26:52,34.0,55.6,0.0,6.67,0.0,1,MANUAL
2026-09-11 00:26:52,34.0,55.6,0.0,6.67,0.0,1.0,1.0
2026-09-11 00:26:54,34.0,55.6,0.0,6.67,0.0,1.0,1.0
00:27:08,34.0,55.6,0.0,6.67,0.0,1,MANUAL
2026-09-11 00:27:09,34.0,55.6,0.0,6.67,0.0,1.0,1.0
2026-09-11 00:27:10,34.0,55.6,0.0,6.67,0.0,1.0,1.0
00:27:22,34.0,55.6,0.0,6.67,0.0,1,MANUAL
2026-09-11 00:27:23,34.0,55.6,0.0,6.67,0.0,1.0,1.0
2026-09-11 00:27:24,34.0,55.6,0.0,6.67,0.0,1.0,1.0
00:27:37,34.0,55.6,0.0,6.67,0.0,1,MANUAL
2026-09-11 00:27:39,34.0,55.6,0.0,6.67,0.0,1.0,1.0
2026-09-11 00:27:39,34.0,55.6,0.0,6.67,0.0,1.0,1.0
00:27:52,34.0,55.6,0.0,6.67,0.0,1,MANUAL
2026-09-11 00:27:54,34.0,55.6,0.0,6.67,0.0,1.0,1.0
2026-09-11 00:27:55,34.0,55.6,0.0,6.67,0.0,1.0,1.0
00:28:07,34.0,55.6,0.0,6.67,0.0,1,MANUAL
2026-09-11 00:28:09,34.0,55.6,0.0,6.67,0.0,1.0,1.0
2026-09-11 00:28:10,34.0,55.6,0.0,6.67,0.0,1.0,1.0
00:28:21,34.0,55.6,0.0,6.67,0.0,1,MANUAL
2026-09-11 00:28:24,34.0,55.6,0.0,6.67,0.0,1.0,1.0
2026-09-11 00:28:24,34.0,55.6,0.0,6.67,0.0,1.0,1.0
00:28:34,34.0,55.6,0.0,6.67,0.0,1,MANUAL
2026-09-11 00:28:39,34.0,55.6,0.0,6.67,0.0,1.0,1.0
2026-09-11 00:28:39,34.0,55.6,0.0,6.67,0.0,1.0,1.0
00:28:51,34.0,55.6,0.0,6.67,0.0,1,MANUAL
2026-09-11 00:28:56,34.0,55.6,0.0,6.67,0.0,1.0,1.0
2026-09-11 00:28:56,34.0,55.6,0.0,6.67,0.0,1.0,1.0
00:29:05,34.0,55.6,0.0,6.67,0.0,1,MANUAL
2026-09-11 00:29:11,34.0,55.6,0.0,6.67,0.0,1.0,1.0
2026-09-11 00:29:11,34.0,55.6,0.0,6.67,0.0,1.0,1.0
00:29:20,34.0,55.6,0.0,6.67,0.0,1,MANUAL
2026-09-11 00:29:28,34.0,55.6,0.0,6.67,0.0,1.0,1.0
2026-09-11 00:29:28,34.0,55.6,0.0,6.67,0.0,1.0,1.0
00:29:37,34.0,55.6,0.0,6.67,0.0,1,MANUAL
2026-09-11 00:29:44,34.0,55.6,0.0,6.67,0.0,1.0,1.0
2026-09-11 00:29:44,34.0,55.6,0.0,6.67,0.0,1.0,1.0
00:29:52,34.0,55.6,0.0,6.67,0.0,1,MANUAL
2026-09-11 00:30:00,34.0,55.6,0.0,6.67,0.0,1.0,1.0
2026-09-11 00:30:00,34.0,55.6,0.0,6.67,0.0,1.0,1.0
00:30:08,34.0,55.6,0.0,6.67,0.0,1,MANUAL
2026-09-11 00:30:16,34.0,55.6,0.0,6.67,0.0,1.0,1.0
2026-09-11 00:30:16,34.0,55.6,0.0,6.67,0.0,1.0,1.0
00:30:23,34.0,55.6,0.0,6.67,0.0,1,MANUAL
2026-09-11 00:30:34,34.0,55.6,0.0,6.67,0.0,1.0,1.0
2026-09-11 00:30:35,34.0,55.6,0.0,6.67,0.0,1.0,1.0
00:30:39,34.0,55.6,0.0,6.67,0.0,1,MANUAL
2026-09-11 00:30:49,34.0,55.6,0.0,6.67,0.0,1.0,1.0
2026-09-11 00:30:49,34.0,55.6,0.0,6.67,0.0,1.0,1.0
00:30:53,34.0,55.6,0.0,6.67,0.0,1,MANUAL
2026-09-11 00:31:03,34.0,55.6,0.0,6.67,0.0,1.0,1.0
2026-09-11 00:31:03,34.0,55.6,0.0,6.67,0.0,1.0,1.0
00:31:07,34.0,55.6,0.0,6.67,0.0,1,MANUAL
2026-09-11 00:31:17,34.0,55.6,0.0,6.67,0.0,1.0,1.0
2026-09-11 00:31:17,34.0,55.6,0.0,6.67,0.0,1.0,1.0
00:31:20,34.0,55.6,0.0,6.67,0.0,1,MANUAL
2026-09-11 00:31:31,34.0,55.6,0.0,6.67,0.0,1.0,1.0
2026-09-11 00:31:32,34.0,55.6,0.0,6.67,0.0,1.0,1.0
00:31:34,34.0,55.6,0.0,6.67,0.0,1,MANUAL
2026-09-11 00:31:45,34.0,55.6,0.0,6.67,0.0,1.0,1.0
2026-09-11 00:31:45,34.0,55.6,0.0,6.67,0.0,1.0,1.0
00:31:48,34.0,55.6,0.0,6.67,0.0,1,MANUAL
2026-09-11 00:31:59,34.0,55.6,0.0,6.67,0.0,1.0,1.0
2026-09-11 00:32:00,34.0,55.6,0.0,6.67,0.0,1.0,1.0
00:32:02,34.0,55.6,0.0,6.67,0.0,1,MANUAL
2026-09-11 00:32:14,34.0,55.6,0.0,6.67,0.0,1.0,1.0
2026-09-11 00:32:15,34.0,55.6,0.0,6.67,0.0,1.0,1.0
00:32:16,34.0,55.6,0.0,6.67,0.0,1,MANUAL
2026-09-11 00:32:29,34.0,55.6,0.0,6.67,0.0,1.0,1.0
2026-09-11 00:32:31,34.0,55.6,0.0,6.67,0.0,1.0,1.0
00:32:31,34.0,55.6,0.0,6.67,0.0,1,MANUAL
2026-09-11 00:32:43,34.0,55.6,0.0,6.67,0.0,1.0,1.0
2026-09-11 00:32:45,34.0,55.6,0.0,6.67,0.0,1.0,1.0
00:32:46,34.0,55.6,0.0,6.67,0.0,1,MANUAL
2026-09-11 00:33:00,34.0,55.6,0.0,6.67,0.0,1.0,1.0
2026-09-11 00:33:02,34.0,55.6,0.0,6.67,0.0,1.0,1.0
00:33:03,34.0,55.6,0.0,6.67,0.0,1,MANUAL
2026-09-11 00:33:15,34.0,55.6,0.0,6.67,0.0,1.0,1.0
2026-09-11 00:33:19,34.0,55.6,0.0,6.67,0.0,1.0,1.0
00:33:19,34.0,55.6,0.0,6.67,0.0,1,MANUAL
2026-09-11 00:33:32,34.0,55.6,0.0,6.67,0.0,1.0,1.0
2026-09-11 00:33:34,34.0,55.6,0.0,6.67,0.0,1.0,1.0
00:33:34,34.0,55.6,0.0,6.67,0.0,1,MANUAL
2026-09-11 00:33:45,34.0,55.6,0.0,6.67,0.0,1.0,1.0
2026-09-11 00:33:48,34.0,55.6,0.0,6.67,0.0,1.0,1.0
00:33:48,34.0,55.6,0.0,6.67,0.0,1,MANUAL
2026-09-11 00:33:59,34.0,55.6,0.0,6.67,0.0,1.0,1.0
2026-09-11 00:34:04,34.0,55.6,0.0,6.67,0.0,1.0,1.0
00:34:04,34.0,55.6,0.0,6.67,0.0,1,MANUAL
2026-09-11 00:34:16,34.0,55.6,0.0,6.67,0.0,1.0,1.0
2026-09-11 00:34:19,34.0,55.6,0.0,6.67,0.0,1.0,1.0
00:34:20,34.0,55.6,0.0,6.67,0.0,1,MANUAL
2026-09-11 00:34:30,34.0,55.6,0.0,6.67,0.0,1.0,1.0
2026-09-11 00:34:35,34.0,55.6,0.0,6.67,0.0,1.0,1.0
00:34:35,34.0,55.6,0.0,6.67,0.0,1,MANUAL
2026-09-11 00:34:43,34.0,55.6,0.0,6.67,0.0,1.0,1.0
2026-09-11 00:34:51,34.0,55.6,0.0,6.67,0.0,1.0,1.0
00:34:51,34.0,55.6,0.0,6.67,0.0,1,MANUAL
2026-09-11 00:35:01,34.0,55.6,0.0,6.67,0.0,1.0,1.0
2026-09-11 00:35:09,34.0,55.6,0.0,6.67,0.0,1.0,1.0
00:35:09,34.0,55.6,0.0,6.67,0.0,1,MANUAL
2026-09-11 00:35:14,34.0,55.6,0.0,6.67,0.0,1.0,1.0
2026-09-11 00:35:23,34.0,55.6,0.0,6.67,0.0,1.0,1.0
00:35:23,34.0,55.6,0.0,6.67,0.0,1,MANUAL
2026-09-11 00:35:27,34.0,55.6,0.0,6.67,0.0,1.0,1.0
2026-09-11 00:35:36,34.0,55.6,0.0,6.67,0.0,1.0,1.0
00:35:37,34.0,55.6,0.0,6.67,0.0,1,MANUAL
2026-09-11 00:35:40,34.0,55.6,0.0,6.67,0.0,1.0,1.0
2026-09-11 00:35:51,34.0,55.6,0.0,6.67,0.0,1.0,1.0
00:35:51,34.0,55.6,0.0,6.67,0.0,1,MANUAL
2026-09-11 00:35:54,34.0,55.6,0.0,6.67,0.0,1.0,1.0
2026-09-11 00:36:06,34.0,55.6,0.0,6.67,0.0,1.0,1.0
00:36:06,34.0,55.6,0.0,6.67,0.0,1,MANUAL
2026-09-11 00:36:08,34.0,55.6,0.0,6.67,0.0,1.0,1.0
2026-09-11 00:36:19,34.0,55.6,0.0,6.67,0.0,1.0,1.0
00:36:20,34.0,55.6,0.0,6.67,0.0,1,MANUAL
2026-09-11 00:36:22,34.0,55.6,0.0,6.67,0.0,1.0,1.0
2026-09-11 00:36:34,34.0,55.6,0.0,6.67,0.0,1.0,1.0
00:36:35,34.0,55.6,0.0,6.67,0.0,1,MANUAL
2026-09-11 00:36:36,34.0,55.6,0.0,6.67,0.0,1.0,1.0
2026-09-11 00:36:49,34.0,55.6,0.0,6.67,0.0,1.0,1.0
00:36:51,34.0,55.6,0.0,6.67,0.0,1,MANUAL
2026-09-11 00:36:53,34.0,55.6,0.0,6.67,0.0,1.0,1.0
2026-09-11 00:37:08,34.0,55.6,0.0,6.67,0.0,1.0,1.0
00:37:11,34.0,55.6,0.0,6.67,0.0,1,MANUAL
2026-09-11 00:37:12,34.0,55.6,0.0,6.67,0.0,1.0,1.0
2026-09-11 00:37:22,34.0,55.6,0.0,6.67,0.0,1.0,1.0
00:37:25,34.0,55.6,0.0,6.67,0.0,1,MANUAL
2026-09-11 00:37:26,34.0,55.6,0.0,6.67,0.0,1.0,1.0
2026-09-11 00:37:35,34.0,55.6,0.0,6.67,0.0,1.0,1.0
00:37:39,34.0,55.6,0.0,6.67,0.0,1,MANUAL
2026-09-11 00:37:40,34.0,55.6,0.0,6.67,0.0,1.0,1.0
2026-09-11 00:37:45,34.0,55.6,0.0,6.67,0.0,1.0,1.0
2026-09-11 00:37:50,34.0,55.6,0.0,6.67,0.0,1.0,1.0
00:37:59,34.0,55.6,0.0,6.67,0.0,1,MANUAL
2026-09-11 00:38:00,34.0,55.6,0.0,6.67,0.0,1.0,1.0
2026-09-11 00:38:04,34.0,55.6,0.0,6.67,0.0,1.0,1.0
2026-09-11 00:38:07,34.0,55.6,0.0,6.67,0.0,1.0,1.0
00:38:17,34.0,55.6,0.0,6.67,0.0,1,MANUAL
2026-09-11 00:38:18,34.0,55.6,0.0,6.67,0.0,1.0,1.0
2026-09-11 00:38:21,34.0,55.6,0.0,6.67,0.0,1.0,1.0
2026-09-11 00:38:23,34.0,55.6,0.0,6.67,0.0,1.0,1.0
00:38:34,34.0,55.6,0.0,6.67,0.0,1,MANUAL
2026-09-11 00:38:35,34.0,55.6,0.0,6.67,0.0,1.0,1.0
2026-09-11 00:38:41,34.0,55.6,0.0,6.67,0.0,1.0,1.0
2026-09-11 00:38:43,34.0,55.6,0.0,6.67,0.0,1.0,1.0
00:38:51,34.0,55.6,0.0,6.67,0.0,1,MANUAL
2026-09-11 00:38:53,34.0,55.6,0.0,6.67,0.0,1.0,1.0
2026-09-11 00:38:57,34.0,55.6,0.0,6.67,0.0,1.0,1.0
2026-09-11 00:38:59,34.0,55.6,0.0,6.67,0.0,1.0,1.0
00:39:08,34.0,55.6,0.0,6.67,0.0,1,MANUAL
2026-09-11 00:39:10,34.0,55.6,0.0,6.67,0.0,1.0,1.0
2026-09-11 00:39:13,34.0,55.6,0.0,6.67,0.0,1.0,1.0
2026-09-11 00:39:15,34.0,55.6,0.0,6.67,0.0,1.0,1.0
00:39:24,34.0,55.6,0.0,6.67,0.0,1,MANUAL
2026-09-11 00:39:27,34.0,55.6,0.0,6.67,0.0,1.0,1.0
2026-09-11 00:39:30,34.0,55.6,0.0,6.67,0.0,1.0,1.0
2026-09-11 00:39:32,34.0,55.6,0.0,6.67,0.0,1.0,1.0
00:39:41,34.0,55.6,0.0,6.67,0.0,1,MANUAL
2026-09-11 00:39:44,34.0,55.6,0.0,6.67,0.0,1.0,1.0
2026-09-11 00:39:47,34.0,55.6,0.0,6.67,0.0,1.0,1.0
2026-09-11 00:39:48,34.0,55.6,0.0,6.67,0.0,1.0,1.0
00:39:57,34.0,55.6,0.0,6.67,0.0,1,MANUAL
2026-09-11 00:40:00,34.0,55.6,0.0,6.67,0.0,1.0,1.0
2026-09-11 00:40:02,34.0,55.6,0.0,6.67,0.0,1.0,1.0
2026-09-11 00:40:04,34.0,55.6,0.0,6.67,0.0,1.0,1.0
00:40:12,34.0,55.6,0.0,6.67,0.0,1,MANUAL
2026-09-11 00:40:15,34.0,55.6,0.0,6.67,0.0,1.0,1.0
2026-09-11 00:40:18,34.0,55.6,0.0,6.67,0.0,1.0,1.0
2026-09-11 00:40:20,34.0,55.6,0.0,6.67,0.0,1.0,1.0
00:40:28,34.0,55.6,0.0,6.67,0.0,1,MANUAL
2026-09-11 00:40:32,34.0,55.6,0.0,6.67,0.0,1.0,1.0
2026-09-11 00:40:33,34.0,55.6,0.0,6.67,0.0,1.0,1.0
2026-09-11 00:40:34,34.0,55.6,0.0,6.67,0.0,1.0,1.0
00:40:44,34.0,55.6,0.0,6.67,0.0,1,MANUAL
2026-09-11 00:40:48,34.0,55.6,0.0,6.67,0.0,1.0,1.0
2026-09-11 00:40:49,34.0,55.6,0.0,6.67,0.0,1.0,1.0
2026-09-11 00:40:49,34.0,55.6,0.0,6.67,0.0,1.0,1.0
00:40:57,34.0,55.6,0.0,6.67,0.0,1,MANUAL
2026-09-11 00:41:04,34.0,55.6,0.0,6.67,0.0,1.0,1.0
2026-09-11 00:41:06,34.0,55.6,0.0,6.67,0.0,1.0,1.0
2026-09-11 00:41:06,34.0,55.6,0.0,6.67,0.0,1.0,1.0
00:41:11,34.0,55.6,0.0,6.67,0.0,1,MANUAL
2026-09-11 00:41:19,34.0,55.6,0.0,6.67,0.0,1.0,1.0
2026-09-11 00:41:22,34.0,55.6,0.0,6.67,0.0,1.0,1.0
2026-09-11 00:41:22,34.0,55.6,0.0,6.67,0.0,1.0,1.0
00:41:25,34.0,55.6,0.0,6.67,0.0,1,MANUAL
2026-09-11 00:41:33,34.0,55.6,0.0,6.67,0.0,1.0,1.0
2026-09-11 00:41:39,34.0,55.6,0.0,6.67,0.0,1.0,1.0
2026-09-11 00:41:40,34.0,55.6,0.0,6.67,0.0,1.0,1.0
00:41:43,34.0,55.6,0.0,6.67,0.0,1,MANUAL
2026-09-11 00:41:48,34.0,55.6,0.0,6.67,0.0,1.0,1.0
2026-09-11 00:41:53,34.0,55.6,0.0,6.67,0.0,1.0,1.0
2026-09-11 00:41:55,34.0,55.6,0.0,6.67,0.0,1.0,1.0
00:41:57,34.0,55.6,0.0,6.67,0.0,1,MANUAL
2026-09-11 00:42:04,34.0,55.6,0.0,6.67,0.0,1.0,1.0
2026-09-11 00:42:10,34.0,55.6,0.0,6.67,0.0,1.0,1.0
2026-09-11 00:42:11,34.0,55.6,0.0,6.67,0.0,1.0,1.0
00:42:14,34.0,55.6,0.0,6.67,0.0,1,MANUAL
2026-09-11 00:42:18,34.0,55.6,0.0,6.67,0.0,1.0,1.0
2026-09-11 00:42:24,34.0,55.6,0.0,6.67,0.0,1.0,1.0
2026-09-11 00:42:26,34.0,55.6,0.0,6.67,0.0,1.0,1.0
00:42:29,34.0,55.6,0.0,6.67,0.0,1,MANUAL
2026-09-11 00:42:33,34.0,55.6,0.0,6.67,0.0,1.0,1.0
2026-09-11 00:42:35,34.0,55.6,0.0,6.67,0.0,1.0,1.0
2026-09-11 00:42:42,34.0,55.6,0.0,6.67,0.0,1.0,1.0
2026-09-11 00:42:47,34.0,55.6,0.0,6.67,0.0,1.0,1.0
00:42:50,34.0,55.6,0.0,6.67,0.0,1,MANUAL
2026-09-11 00:42:53,34.0,55.6,0.0,6.67,0.0,1.0,1.0
2026-09-11 00:42:53,34.0,55.6,0.0,6.67,0.0,1.0,1.0
2026-09-11 00:42:59,34.0,55.6,0.0,6.67,0.0,1.0,1.0
2026-09-11 00:43:08,34.0,55.6,0.0,6.67,0.0,1.0,1.0
00:43:12,34.0,55.6,0.0,6.67,0.0,1,MANUAL
2026-09-11 00:43:13,34.0,55.6,0.0,6.67,0.0,1.0,1.0
2026-09-11 00:43:13,34.0,55.6,0.0,6.67,0.0,1.0,1.0
2026-09-11 00:43:15,34.0,55.6,0.0,6.67,0.0,1.0,1.0
2026-09-11 00:43:22,34.0,55.6,0.0,6.67,0.0,1.0,1.0
00:43:31,34.0,55.6,0.0,6.67,0.0,1,MANUAL
2026-09-11 00:43:33,34.0,55.6,0.0,6.67,0.0,1.0,1.0
2026-09-11 00:43:33,34.0,55.6,0.0,6.67,0.0,1.0,1.0
2026-09-11 00:43:35,34.0,55.6,0.0,6.67,0.0,1.0,1.0
2026-09-11 00:43:38,34.0,55.6,0.0,6.67,0.0,1.0,1.0
00:43:48,34.0,55.6,0.0,6.67,0.0,1,MANUAL
2026-09-11 00:43:50,34.0,55.6,0.0,6.67,0.0,1.0,1.0
2026-09-11 00:43:50,34.0,55.6,0.0,6.67,0.0,1.0,1.0
2026-09-11 00:43:52,34.0,55.6,0.0,6.67,0.0,1.0,1.0
2026-09-11 00:43:54,34.0,55.6,0.0,6.67,0.0,1.0,1.0
00:44:05,34.0,55.6,0.0,6.67,0.0,1,MANUAL
2026-09-11 00:44:07,34.0,55.6,0.0,6.67,0.0,1.0,1.0
2026-09-11 00:44:07,34.0,55.6,0.0,6.67,0.0,1.0,1.0
2026-09-11 00:44:09,34.0,55.6,0.0,6.67,0.0,1.0,1.0
2026-09-11 00:44:10,34.0,55.6,0.0,6.67,0.0,1.0,1.0
00:44:23,34.0,55.6,0.0,6.67,0.0,1,MANUAL
2026-09-11 00:44:26,34.0,55.6,0.0,6.67,0.0,1.0,1.0
2026-09-11 00:44:26,34.0,55.6,0.0,6.67,0.0,1.0,1.0
2026-09-11 00:44:27,34.0,55.6,0.0,6.67,0.0,1.0,1.0
2026-09-11 00:44:28,34.0,55.6,0.0,6.67,0.0,1.0,1.0
00:44:40,34.0,55.6,0.0,6.67,0.0,1,MANUAL
2026-09-11 00:44:43,34.0,55.6,0.0,6.67,0.0,1.0,1.0
2026-09-11 00:44:44,34.0,55.6,0.0,6.67,0.0,1.0,1.0
2026-09-11 00:44:44,34.0,55.6,0.0,6.67,0.0,1.0,1.0
2026-09-11 00:44:45,34.0,55.6,0.0,6.67,0.0,1.0,1.0
00:44:56,34.0,55.6,0.0,6.67,0.0,1,MANUAL
2026-09-11 00:45:01,34.0,55.6,0.0,6.67,0.0,1.0,1.0
2026-09-11 00:45:01,34.0,55.6,0.0,6.67,0.0,1.0,1.0
2026-09-11 00:45:01,34.0,55.6,0.0,6.67,0.0,1.0,1.0
2026-09-11 00:45:01,34.0,55.6,0.0,6.67,0.0,1.0,1.0
00:45:11,34.0,55.6,0.0,6.67,0.0,1,MANUAL
2026-09-11 00:45:18,34.0,55.6,0.0,6.67,0.0,1.0,1.0
2026-09-11 00:45:18,34.0,55.6,0.0,6.67,0.0,1.0,1.0
2026-09-11 00:45:18,34.0,55.6,0.0,6.67,0.0,1.0,1.0
2026-09-11 00:45:18,34.0,55.6,0.0,6.67,0.0,1.0,1.0
00:45:26,34.0,55.6,0.0,6.67,0.0,1,MANUAL
2026-09-11 00:45:36,34.0,55.6,0.0,6.67,0.0,1.0,1.0
2026-09-11 00:45:36,34.0,55.6,0.0,6.67,0.0,1.0,1.0
2026-09-11 00:45:36,34.0,55.6,0.0,6.67,0.0,1.0,1.0
2026-09-11 00:45:36,34.0,55.6,0.0,6.67,0.0,1.0,1.0
00:45:42,34.0,55.6,0.0,6.67,0.0,1,MANUAL
2026-09-11 00:45:54,34.0,55.6,0.0,6.67,0.0,1.0,1.0
2026-09-11 00:45:55,34.0,55.6,0.0,6.67,0.0,1.0,1.0
2026-09-11 00:45:56,34.0,55.6,0.0,6.67,0.0,1.0,1.0
2026-09-11 00:45:56,34.0,55.6,0.0,6.67,0.0,1.0,1.0
00:46:00,34.0,55.6,0.0,6.67,0.0,1,MANUAL
2026-09-11 00:46:12,34.0,55.6,0.0,6.67,0.0,1.0,1.0
2026-09-11 00:46:14,34.0,55.6,0.0,6.67,0.0,1.0,1.0
2026-09-11 00:46:15,34.0,55.6,0.0,6.67,0.0,1.0,1.0
2026-09-11 00:46:15,34.0,55.6,0.0,6.67,0.0,1.0,1.0
00:46:17,34.0,55.6,0.0,6.67,0.0,1,MANUAL
2026-09-11 00:46:32,34.0,55.6,0.0,6.67,0.0,1.0,1.0
2026-09-11 00:46:34,34.0,55.6,0.0,6.67,0.0,1.0,1.0
2026-09-11 00:46:36,34.0,55.6,0.0,6.67,0.0,1.0,1.0
2026-09-11 00:46:36,34.0,55.6,0.0,6.67,0.0,1.0,1.0
00:46:37,34.0,55.6,0.0,6.67,0.0,1,MANUAL
2026-09-11 00:46:48,34.0,55.6,0.0,6.67,0.0,1.0,1.0
2026-09-11 00:46:56,34.0,55.6,0.0,6.67,0.0,1.0,1.0
2026-09-11 00:47:06,34.0,55.6,0.0,6.67,0.0,1.0,1.0
2026-09-11 00:47:06,34.0,55.6,0.0,6.67,0.0,1.0,1.0
00:47:07,34.0,55.6,0.0,6.67,0.0,1,MANUAL
2026-09-11 00:47:13,34.0,55.6,0.0,6.67,0.0,1.0,1.0
2026-09-11 00:47:15,34.0,55.6,0.0,6.67,0.0,1.0,1.0
2026-09-11 00:47:22,34.0,55.6,0.0,6.67,0.0,1.0,1.0
2026-09-11 00:47:23,34.0,55.6,0.0,6.67,0.0,1.0,1.0
00:47:23,34.0,55.6,0.0,6.67,0.0,1,MANUAL
2026-09-11 00:47:26,34.0,55.6,0.0,6.67,0.0,1.0,1.0
2026-09-11 00:47:29,34.0,55.6,0.0,6.67,0.0,1.0,1.0
2026-09-11 00:47:36,34.0,55.6,0.0,6.67,0.0,1.0,1.0
2026-09-11 00:47:38,34.0,55.6,0.0,6.67,0.0,1.0,1.0
00:47:38,34.0,55.6,0.0,6.67,0.0,1,MANUAL
2026-09-11 00:47:40,34.0,55.6,0.0,6.67,0.0,1.0,1.0
2026-09-11 00:47:42,34.0,55.6,0.0,6.67,0.0,1.0,1.0
2026-09-11 00:47:51,34.0,55.6,0.0,6.67,0.0,1.0,1.0
2026-09-11 00:47:55,34.0,55.6,0.0,6.67,0.0,1.0,1.0
00:47:56,34.0,55.6,0.0,6.67,0.0,1,MANUAL
2026-09-11 00:47:57,34.0,55.6,0.0,6.67,0.0,1.0,1.0
2026-09-11 00:47:58,34.0,55.6,0.0,6.67,0.0,1.0,1.0
2026-09-11 00:48:05,34.0,55.6,0.0,6.67,0.0,1.0,1.0
2026-09-11 00:48:10,34.0,55.6,0.0,6.67,0.0,1.0,1.0
00:48:12,34.0,55.6,0.0,6.67,0.0,1,MANUAL
2026-09-11 00:48:14,34.0,55.6,0.0,6.67,0.0,1.0,1.0
2026-09-11 00:48:14,34.0,55.6,0.0,6.67,0.0,1.0,1.0
2026-09-11 00:48:18,34.0,55.6,0.0,6.67,0.0,1.0,1.0
2026-09-11 00:48:24,34.0,55.6,0.0,6.67,0.0,1.0,1.0
00:48:28,34.0,55.6,0.0,6.67,0.0,1,MANUAL
2026-09-11 00:48:31,34.0,55.6,0.0,6.67,0.0,1.0,1.0
2026-09-11 00:48:31,34.0,55.6,0.0,6.67,0.0,1.0,1.0
2026-09-11 00:48:33,34.0,55.6,0.0,6.67,0.0,1.0,1.0
2026-09-11 00:48:37,34.0,55.6,0.0,6.67,0.0,1.0,1.0
00:48:42,34.0,55.6,0.0,6.67,0.0,1,MANUAL
2026-09-11 00:48:47,34.0,55.6,0.0,6.67,0.0,1.0,1.0
2026-09-11 00:48:48,34.0,55.6,0.0,6.67,0.0,1.0,1.0
2026-09-11 00:48:49,34.0,55.6,0.0,6.67,0.0,1.0,1.0
2026-09-11 00:48:51,34.0,55.6,0.0,6.67,0.0,1.0,1.0
00:48:56,34.0,55.6,0.0,6.67,0.0,1,MANUAL
2026-09-11 00:49:04,34.0,55.6,0.0,6.67,0.0,1.0,1.0
2026-09-11 00:49:05,34.0,55.6,0.0,6.67,0.0,1.0,1.0
2026-09-11 00:49:06,34.0,55.6,0.0,6.67,0.0,1.0,1.0
2026-09-11 00:49:08,34.0,55.6,0.0,6.67,0.0,1.0,1.0
00:49:10,34.0,55.6,0.0,6.67,0.0,1,MANUAL
2026-09-11 00:49:19,34.0,55.6,0.0,6.67,0.0,1.0,1.0
2026-09-11 00:49:20,34.0,55.6,0.0,6.67,0.0,1.0,1.0
2026-09-11 00:49:21,34.0,55.6,0.0,6.67,0.0,1.0,1.0
2026-09-11 00:49:23,34.0,55.6,0.0,6.67,0.0,1.0,1.0
00:49:24,34.0,55.6,0.0,6.67,0.0,1,MANUAL
2026-09-11 00:49:33,34.0,55.6,0.0,6.67,0.0,1.0,1.0
2026-09-11 00:49:35,34.0,55.6,0.0,6.67,0.0,1.0,1.0
2026-09-11 00:49:37,34.0,55.6,0.0,6.67,0.0,1.0,1.0
2026-09-11 00:49:38,34.0,55.6,0.0,6.67,0.0,1.0,1.0
00:49:38,34.0,55.6,0.0,6.67,0.0,1,MANUAL
2026-09-11 00:49:48,34.0,55.6,0.0,6.67,0.0,1.0,1.0
2026-09-11 00:49:50,34.0,55.6,0.0,6.67,0.0,1.0,1.0
2026-09-11 00:49:52,34.0,55.6,0.0,6.67,0.0,1.0,1.0
2026-09-11 00:49:53,34.0,55.6,0.0,6.67,0.0,1.0,1.0
00:49:54,34.0,55.6,0.0,6.67,0.0,1,MANUAL
2026-09-11 00:50:01,34.0,55.6,0.0,6.67,0.0,1.0,1.0
2026-09-11 00:50:05,34.0,55.6,0.0,6.67,0.0,1.0,1.0
2026-09-11 00:50:08,34.0,55.6,0.0,6.67,0.0,1.0,1.0
00:50:09,34.0,55.6,0.0,6.67,0.0,1,MANUAL
2026-09-11 00:50:09,34.0,55.6,0.0,6.67,0.0,1.0,1.0
2026-09-11 00:50:14,34.0,55.6,0.0,6.67,0.0,1.0,1.0
2026-09-11 00:50:19,34.0,55.6,0.0,6.67,0.0,1.0,1.0
2026-09-11 00:50:24,34.0,55.6,0.0,6.67,0.0,1.0,1.0
2026-09-11 00:50:27,34.0,55.6,0.0,6.67,0.0,1.0,1.0
00:50:27,34.0,55.6,0.0,6.67,0.0,1,MANUAL
2026-09-11 00:50:31,34.0,55.6,0.0,6.67,0.0,1.0,1.0
2026-09-11 00:50:34,34.0,55.6,0.0,6.67,0.0,1.0,1.0
2026-09-11 00:50:39,34.0,55.6,0.0,6.67,0.0,1.0,1.0
2026-09-11 00:50:42,34.0,55.6,0.0,6.67,0.0,1.0,1.0
00:50:43,34.0,55.6,0.0,6.67,0.0,1,MANUAL
2026-09-11 00:50:47,34.0,55.6,0.0,6.67,0.0,1.0,1.0
2026-09-11 00:50:49,34.0,55.6,0.0,6.67,0.0,1.0,1.0
2026-09-11 00:50:52,34.0,55.6,0.0,6.67,0.0,1.0,1.0
2026-09-11 00:50:56,34.0,55.6,0.0,6.67,0.0,1.0,1.0
2026-09-11 00:51:02,34.0,55.6,0.0,6.67,0.0,1.0,1.0
00:51:02,34.0,55.6,0.0,6.67,0.0,1,MANUAL
2026-09-11 00:51:06,34.0,55.6,0.0,6.67,0.0,1.0,1.0
2026-09-11 00:51:08,34.0,55.6,0.0,6.67,0.0,1.0,1.0
2026-09-11 00:51:09,34.0,55.6,0.0,6.67,0.0,1.0,1.0
2026-09-11 00:51:13,34.0,55.6,0.0,6.67,0.0,1.0,1.0
2026-09-11 00:51:20,34.0,55.6,0.0,6.67,0.0,1.0,1.0
00:51:20,34.0,55.6,0.0,6.67,0.0,1,MANUAL
2026-09-11 00:51:23,34.0,55.6,0.0,6.67,0.0,1.0,1.0
2026-09-11 00:51:26,34.0,55.6,0.0,6.67,0.0,1.0,1.0
2026-09-11 00:51:26,34.0,55.6,0.0,6.67,0.0,1.0,1.0
2026-09-11 00:51:29,34.0,55.6,0.0,6.67,0.0,1.0,1.0
2026-09-11 00:51:38,34.0,55.6,0.0,6.67,0.0,1.0,1.0
00:51:38,34.0,55.6,0.0,6.67,0.0,1,MANUAL
2026-09-11 00:51:40,34.0,55.6,0.0,6.67,0.0,1.0,1.0
2026-09-11 00:51:42,34.0,55.6,0.0,6.67,0.0,1.0,1.0
2026-09-11 00:51:43,34.0,55.6,0.0,6.67,0.0,1.0,1.0
2026-09-11 00:51:45,34.0,55.6,0.0,6.67,0.0,1.0,1.0
2026-09-11 00:51:55,34.0,55.6,0.0,6.67,0.0,1.0,1.0
00:51:58,34.0,55.6,0.0,6.67,0.0,1,MANUAL
2026-09-11 00:51:59,34.0,55.6,0.0,6.67,0.0,1.0,1.0
2026-09-11 00:52:01,34.0,55.6,0.0,6.67,0.0,1.0,1.0
2026-09-11 00:52:01,34.0,55.6,0.0,6.67,0.0,1.0,1.0
2026-09-11 00:52:02,34.0,55.6,0.0,6.67,0.0,1.0,1.0
2026-09-11 00:52:11,34.0,55.6,0.0,6.67,0.0,1.0,1.0
00:52:15,34.0,55.6,0.0,6.67,0.0,1,MANUAL
2026-09-11 00:52:17,34.0,55.6,0.0,6.67,0.0,1.0,1.0
2026-09-11 00:52:20,34.0,55.6,0.0,6.67,0.0,1.0,1.0
2026-09-11 00:52:20,34.0,55.6,0.0,6.67,0.0,1.0,1.0
2026-09-11 00:52:21,34.0,55.6,0.0,6.67,0.0,1.0,1.0
2026-09-11 00:52:26,34.0,55.6,0.0,6.67,0.0,1.0,1.0
00:52:32,34.0,55.6,0.0,6.67,0.0,1,MANUAL
2026-09-11 00:52:35,34.0,55.6,0.0,6.67,0.0,1.0,1.0
2026-09-11 00:52:38,34.0,55.6,0.0,6.67,0.0,1.0,1.0
2026-09-11 00:52:38,34.0,55.6,0.0,6.67,0.0,1.0,1.0
2026-09-11 00:52:39,34.0,55.6,0.0,6.67,0.0,1.0,1.0
2026-09-11 00:52:42,34.0,55.6,0.0,6.67,0.0,1.0,1.0
00:52:49,34.0,55.6,0.0,6.67,0.0,1,MANUAL
2026-09-11 00:52:51,34.0,55.6,0.0,6.67,0.0,1.0,1.0
2026-09-11 00:52:55,34.0,55.6,0.0,6.67,0.0,1.0,1.0
2026-09-11 00:52:55,34.0,55.6,0.0,6.67,0.0,1.0,1.0
2026-09-11 00:52:55,34.0,55.6,0.0,6.67,0.0,1.0,1.0
2026-09-11 00:52:59,34.0,55.6,0.0,6.67,0.0,1.0,1.0
00:53:05,34.0,55.6,0.0,6.67,0.0,1,MANUAL
2026-09-11 00:53:08,34.0,55.6,0.0,6.67,0.0,1.0,1.0
2026-09-11 00:53:13,34.0,55.6,0.0,6.67,0.0,1.0,1.0
2026-09-11 00:53:13,34.0,55.6,0.0,6.67,0.0,1.0,1.0
2026-09-11 00:53:13,34.0,55.6,0.0,6.67,0.0,1.0,1.0
2026-09-11 00:53:16,34.0,55.6,0.0,6.67,0.0,1.0,1.0
00:53:22,34.0,55.6,0.0,6.67,0.0,1,MANUAL
2026-09-11 00:53:25,34.0,55.6,0.0,6.67,0.0,1.0,1.0
2026-09-11 00:53:31,34.0,55.6,0.0,6.67,0.0,1.0,1.0
2026-09-11 00:53:31,34.0,55.6,0.0,6.67,0.0,1.0,1.0
2026-09-11 00:53:31,34.0,55.6,0.0,6.67,0.0,1.0,1.0
2026-09-11 00:53:33,34.0,55.6,0.0,6.67,0.0,1.0,1.0
00:53:35,34.0,55.6,0.0,6.67,0.0,1,MANUAL
2026-09-11 00:53:39,34.0,55.6,0.0,6.67,0.0,1.0,1.0
2026-09-11 00:53:51,34.0,55.6,0.0,6.67,0.0,1.0,1.0
2026-09-11 00:53:51,34.0,55.6,0.0,6.67,0.0,1.0,1.0
2026-09-11 00:53:51,34.0,55.6,0.0,6.67,0.0,1.0,1.0
2026-09-11 00:53:53,34.0,55.6,0.0,6.67,0.0,1.0,1.0
00:53:55,34.0,55.6,0.0,6.67,0.0,1,MANUAL
2026-09-11 00:53:58,34.0,55.6,0.0,6.67,0.0,1.0,1.0
2026-09-11 00:54:06,34.0,55.6,0.0,6.67,0.0,1.0,1.0
2026-09-11 00:54:08,34.0,55.6,0.0,6.67,0.0,1.0,1.0
2026-09-11 00:54:08,34.0,55.6,0.0,6.67,0.0,1.0,1.0
2026-09-11 00:54:09,34.0,55.6,0.0,6.67,0.0,1.0,1.0
00:54:12,34.0,55.6,0.0,6.67,0.0,1,MANUAL
2026-09-11 00:54:12,34.0,55.6,0.0,6.67,0.0,1.0,1.0
2026-09-11 00:54:21,34.0,55.6,0.0,6.67,0.0,1.0,1.0
2026-09-11 00:54:25,34.0,55.6,0.0,6.67,0.0,1.0,1.0
2026-09-11 00:54:25,34.0,55.6,0.0,6.67,0.0,1.0,1.0
2026-09-11 00:54:27,34.0,55.6,0.0,6.67,0.0,1.0,1.0
00:54:30,34.0,55.6,0.0,6.67,0.0,1,MANUAL
2026-09-11 00:54:31,34.0,55.6,0.0,6.67,0.0,1.0,1.0
2026-09-11 00:54:37,34.0,55.6,0.0,6.67,0.0,1.0,1.0
2026-09-11 00:54:40,34.0,55.6,0.0,6.67,0.0,1.0,1.0
2026-09-11 00:54:41,34.0,55.6,0.0,6.67,0.0,1.0,1.0
2026-09-11 00:54:47,34.0,55.6,0.0,6.67,0.0,1.0,1.0
00:54:50,34.0,55.6,0.0,6.67,0.0,1,MANUAL
2026-09-11 00:54:52,34.0,55.6,0.0,6.67,0.0,1.0,1.0
2026-09-11 00:54:55,34.0,55.6,0.0,6.67,0.0,1.0,1.0
2026-09-11 00:54:58,34.0,55.6,0.0,6.67,0.0,1.0,1.0
2026-09-11 00:54:58,34.0,55.6,0.0,6.67,0.0,1.0,1.0
2026-09-11 00:55:01,34.0,55.6,0.0,6.67,0.0,1.0,1.0
00:55:06,34.0,55.6,0.0,6.67,0.0,1,MANUAL
2026-09-11 00:55:07,34.0,55.6,0.0,6.67,0.0,1.0,1.0
2026-09-11 00:55:10,34.0,55.6,0.0,6.67,0.0,1.0,1.0
2026-09-11 00:55:12,34.0,55.6,0.0,6.67,0.0,1.0,1.0
2026-09-11 00:55:15,34.0,55.6,0.0,6.67,0.0,1.0,1.0
00:55:21,34.0,55.6,0.0,6.67,0.0,1,MANUAL
2026-09-11 00:55:23,34.0,55.6,0.0,6.67,0.0,1.0,1.0
2026-09-11 00:55:27,34.0,55.6,0.0,6.67,0.0,1.0,1.0
2026-09-11 00:55:29,34.0,55.6,0.0,6.67,0.0,1.0,1.0
2026-09-11 00:55:32,34.0,55.6,0.0,6.67,0.0,1.0,1.0
00:55:38,34.0,55.6,0.0,6.67,0.0,1,MANUAL
2026-09-11 00:55:40,34.0,55.6,0.0,6.67,0.0,1.0,1.0
2026-09-11 00:55:44,34.0,55.6,0.0,6.67,0.0,1.0,1.0
2026-09-11 00:55:46,34.0,55.6,0.0,6.67,0.0,1.0,1.0
2026-09-11 00:55:48,34.0,55.6,0.0,6.67,0.0,1.0,1.0
00:55:54,34.0,55.6,0.0,6.67,0.0,1,MANUAL
2026-09-11 00:55:56,34.0,55.6,0.0,6.67,0.0,1.0,1.0
2026-09-11 00:55:59,34.0,55.6,0.0,6.67,0.0,1.0,1.0
2026-09-11 00:56:00,34.0,55.6,0.0,6.67,0.0,1.0,1.0
2026-09-11 00:56:02,34.0,55.6,0.0,6.67,0.0,1.0,1.0
00:56:08,34.0,55.6,0.0,6.67,0.0,1,MANUAL
2026-09-11 00:56:10,34.0,55.6,0.0,6.67,0.0,1.0,1.0
2026-09-11 00:56:13,34.0,55.6,0.0,6.67,0.0,1.0,1.0
2026-09-11 00:56:14,34.0,55.6,0.0,6.67,0.0,1.0,1.0
2026-09-11 00:56:16,34.0,55.6,0.0,6.67,0.0,1.0,1.0
2026-09-11,09:13:57,ERROR,ERROR,ERROR,ERROR,ERROR,ERROR,ERROR
2026-09-11,09:14:24,ERROR,ERROR,ERROR,ERROR,ERROR,ERROR,ERROR
2026-09-11,09:14:53,ERROR,ERROR,ERROR,ERROR,ERROR,ERROR,ERROR
2026-09-15,11:15:35,ERROR,ERROR,ERROR,ERROR,ERROR,ERROR,ERROR
2026-09-15,11:16:00,ERROR,ERROR,ERROR,ERROR,ERROR,ERROR,ERROR
2026-09-15,11:16:21,ERROR,ERROR,ERROR,ERROR,ERROR,ERROR,ERROR
